name,AILS-II_best,AILS-II_mean,FILO_best,FILO_mean,FILO2_best,FILO2_mean,KGLS-XXL_best,KGLS-XXL_mean,HGS-CVRP_best,HGS-CVRP_mean,SISRs_best,SISRs_mean,LKH-3_best,LKH-3_mean,OR-Tools_best,OR-Tools_mean
XL-n1048-k237,380211.0,380369.4,381718.0,382614.6,381304.0,382348.5,384530.0,385633.1,380991.0,381444.8,380675.0,381338.8,381021.0,381811.7,385826.0,387505.2
XL-n1094-k157,112431.0,112452.6,112437.0,112468.1,112432.0,112466.1,112616.0,112695.7,112462.0,112514.8,112492.0,112562.7,112815.0,112970.8,114525.0,114916.3
XL-n1141-k112,95727.0,95798.9,95764.0,95901.6,95767.0,95881.5,96343.0,96443.3,95863.0,96029.4,95810.0,96028.4,101676.0,102963.8,100163.0,100807.8
XL-n1188-k96,104415.0,104511.6,104556.0,104705.8,104563.0,104690.6,105089.0,105249.1,104640.0,104812.1,104574.0,104772.0,106168.0,106752.8,109745.0,110702.0
XL-n1234-k55,96647.0,96787.3,96715.0,96892.3,96766.0,96865.6,97316.0,97486.3,97077.0,97386.2,96785.0,96928.9,97868.0,98200.5,102270.0,103150.6
XL-n1281-k29,31105.0,31201.3,31107.0,31187.1,31101.0,31174.1,31236.0,31356.1,31170.0,31239.3,31235.0,31365.9,31567.0,31799.5,32901.0,33444.8
XL-n1328-k19,38248.0,38317.4,38247.0,38315.0,38248.0,38326.1,38472.0,38626.2,38261.0,38380.9,38394.0,38533.2,38765.0,39053.5,40847.0,41921.6
XL-n1374-k278,233049.0,233248.0,233572.0,233836.9,233394.0,233796.3,234293.0,234614.6,233643.0,233935.9,233396.0,233674.4,271327.0,280689.7,244408.0,246752.1
XL-n1421-k232,384826.0,384949.2,385757.0,386057.5,385793.0,385998.9,387321.0,387806.7,385944.0,386806.4,385059.0,385291.3,391667.0,393269.9,394394.0,395782.0
XL-n1468-k151,250166.0,250305.2,250487.0,250685.1,250428.0,250689.6,251526.0,251767.9,250979.0,251416.3,250490.0,250807.6,297764.0,307088.0,258121.0,259274.1
XL-n1514-k106,92425.0,92489.7,92472.0,92552.3,92465.0,92550.3,92929.0,93084.8,92605.0,92751.6,92542.0,92706.2,93486.0,93840.6,97748.0,98696.6
XL-n1561-k75,101549.0,101583.3,101567.0,101598.4,101567.0,101600.8,101728.0,101807.8,101654.0,101756.0,101634.0,101694.6,102056.0,102215.2,104477.0,104883.9
XL-n1608-k39,48021.0,48064.3,48048.0,48209.4,48055.0,48169.2,48160.0,48409.0,48022.0,48136.7,48183.0,48368.7,48573.0,48842.0,51093.0,52137.1
XL-n1654-k11,36385.0,36429.1,36405.0,36443.6,36403.0,36444.0,36598.0,36957.5,36499.0,36652.1,36521.0,36614.6,36615.0,36945.2,39736.0,40813.7
XL-n1701-k562,521136.0,521380.5,524642.0,525299.0,524731.0,525333.3,526455.0,527011.0,522603.0,523391.5,522024.0,522435.6,589386.0,602157.0,543924.0,546859.9
XL-n1748-k271,173896.0,174027.2,174423.0,174555.8,174368.0,174528.2,175208.0,175458.2,174534.0,174857.0,174212.0,174370.7,182414.0,184422.9,183850.0,186541.3
XL-n1794-k163,141729.0,141777.6,141743.0,141827.8,141750.0,141819.0,142050.0,142196.8,141862.0,141989.5,141890.0,142012.1,142630.0,142859.8,145676.0,146337.8
XL-n1841-k126,214038.0,214142.6,214424.0,214601.9,214257.0,214446.9,215079.0,215376.7,215004.0,215535.4,214283.0,214465.7,216095.0,216484.8,225801.0,228519.6
XL-n1888-k82,143623.0,143733.5,143769.0,143892.0,143704.0,143855.2,144447.0,144609.1,144738.0,145168.3,143855.0,144020.5,145617.0,146161.4,150047.0,150745.8
XL-n1934-k46,53013.0,53067.3,53019.0,53216.1,53025.0,53193.7,53202.0,53468.4,53078.0,53156.4,53175.0,53483.6,54272.0,54821.5,57082.0,58423.0
XL-n1981-k13,32580.0,32639.1,32602.0,32672.6,32617.0,32760.8,32695.0,32958.7,32665.0,32752.2,32757.0,32961.3,32753.0,32989.8,35019.0,36103.9
XL-n2028-k617,544403.0,544596.6,547124.0,547687.3,547181.0,547645.2,548387.0,548760.1,545456.0,545993.2,545103.0,545516.6,647655.0,666636.0,570295.0,572389.5
XL-n2074-k264,421627.0,421805.0,422175.0,422449.9,422214.0,422492.3,424917.0,425405.7,426672.0,427692.7,422267.0,422584.4,452516.0,458340.7,435546.0,439098.4
XL-n2121-k186,283211.0,283323.6,283383.0,283531.6,283333.0,283506.0,284793.0,285026.6,285705.0,286790.9,283429.0,283600.1,284991.0,285363.0,293138.0,295124.1
XL-n2168-k138,127298.0,127450.2,127500.0,127619.5,127458.0,127576.7,128271.0,128500.4,127930.0,128150.2,127710.0,127941.7,134831.0,137346.9,136817.0,140455.5
XL-n2214-k131,154676.0,154722.4,154696.0,154763.3,154693.0,154757.4,154978.0,155087.7,154910.0,155021.2,154841.0,154920.1,155496.0,155704.4,158831.0,159335.6
XL-n2261-k54,98907.0,98993.6,99021.0,99135.9,99004.0,99084.4,99430.0,99668.1,99837.0,100195.0,99170.0,99309.4,101293.0,101786.1,105404.0,106532.6
XL-n2307-k34,47958.0,48020.2,48046.0,48225.2,47984.0,48125.4,48206.0,48439.7,48006.0,48178.9,48233.0,48451.5,48901.0,49339.0,52879.0,54328.1
XL-n2354-k631,940825.0,940960.9,942980.0,943678.0,942723.0,943357.0,943727.0,944550.9,942928.0,944394.0,941310.0,941626.8,945446.0,946780.2,982412.0,986908.4
XL-n2401-k408,463473.0,463673.4,464251.0,464722.2,464045.0,464534.3,466903.0,467336.2,467162.0,468236.6,464495.0,464839.6,539326.0,558932.9,487321.0,503274.1
XL-n2447-k290,218706.0,218821.4,219407.0,219628.7,219199.0,219434.0,220242.0,220656.7,219759.0,220267.5,219188.0,219488.0,224099.0,225815.8,236532.0,240391.8
XL-n2494-k194,361205.0,361273.1,361664.0,362285.1,361670.0,362269.9,363648.0,363810.2,364118.0,364995.3,361527.0,361665.8,370229.0,373017.9,368638.0,370337.3
XL-n2541-k121,146390.0,146489.1,146435.0,146502.5,146422.0,146499.3,146891.0,147004.5,146898.0,147182.1,146601.0,146738.9,147836.0,148125.0,152472.0,153089.5
XL-n2587-k66,73451.0,73520.7,73473.0,73571.1,73394.0,73535.1,73732.0,73917.1,73695.0,73914.9,73629.0,73826.4,75387.0,75906.3,80721.0,82005.7
XL-n2634-k17,31657.0,31781.0,31647.0,31748.6,31641.0,31771.6,32243.0,32605.3,32074.0,32341.5,32088.0,32375.0,32418.0,32846.8,35327.0,36090.5
XL-n2681-k540,798603.0,798950.4,799927.0,800389.8,799928.0,800296.5,804093.0,804920.8,808973.0,810185.0,799498.0,799927.8,886992.0,909519.0,821635.0,825322.9
XL-n2727-k546,431134.0,431173.0,431147.0,431205.1,431152.0,431193.6,431697.0,431834.0,431443.0,431618.2,431320.0,431483.8,432092.0,432335.8,434453.0,434942.4
XL-n2774-k286,407847.0,408000.2,408760.0,408941.9,408678.0,408865.7,409993.0,410307.4,411338.0,412003.4,408428.0,408696.3,425420.0,428405.3,418746.0,419972.9
XL-n2821-k208,216763.0,216868.8,217368.0,217614.4,217222.0,217391.0,218149.0,218567.7,218225.0,218674.3,217249.0,217588.1,219884.0,220864.7,236961.0,241288.1
XL-n2867-k120,165990.0,166056.6,166130.0,166213.8,166081.0,166209.0,166738.0,166939.6,168024.0,168613.2,166236.0,166364.1,169287.0,170659.0,172143.0,173205.9
XL-n2914-k95,88990.0,89080.2,89091.0,89178.4,89064.0,89149.8,89575.0,89861.4,89573.0,89804.5,89433.0,89655.6,92263.0,92914.7,97062.0,100665.0
XL-n2961-k55,108084.0,108200.9,108211.0,108370.2,108199.0,108306.9,108941.0,109169.3,109841.0,110343.8,108531.0,108701.8,112122.0,112864.4,119044.0,120361.9
XL-n3007-k658,522319.0,522458.9,522613.0,522812.4,522516.0,522720.1,524744.0,525157.3,525139.0,526498.3,522717.0,522945.1,527958.0,528972.3,541406.0,544250.3
XL-n3054-k461,782739.0,783022.3,784471.0,784883.9,784423.0,784754.7,786510.0,787008.0,791047.0,791893.7,783889.0,784227.6,896002.0,911867.1,809515.0,811540.9
XL-n3101-k311,245937.0,246059.9,246366.0,246627.0,246264.0,246444.4,247072.0,247375.9,247189.0,247858.2,246421.0,246652.6,252244.0,253877.6,260864.0,264149.3
XL-n3147-k232,256626.0,256746.6,256838.0,257036.8,256871.0,256992.5,258054.0,258429.1,258787.0,259829.7,257076.0,257313.1,260582.0,261419.4,265955.0,266516.1
XL-n3194-k161,148728.0,148905.3,148994.0,149161.6,148937.0,149064.9,149949.0,150141.2,149803.0,150105.8,149391.0,149684.6,156795.0,158561.8,163628.0,171798.3
XL-n3241-k115,221370.0,221468.2,221637.0,221732.6,221574.0,221678.8,222319.0,222510.0,223357.0,223872.1,221870.0,222017.7,223914.0,224294.5,227918.0,230547.8
XL-n3287-k30,40229.0,40264.9,40235.0,40273.4,40230.0,40285.7,40735.0,41009.4,40887.0,41092.5,40538.0,40974.3,40883.0,41244.8,44225.0,45338.0
XL-n3334-k934,1452698.0,1452950.7,1453358.0,1453639.3,1453205.0,1453531.7,1456863.0,1457777.2,1465703.0,1466924.1,1453276.0,1453614.9,1468960.0,1473610.6,1477435.0,1480074.3
XL-n3408-k524,678643.0,678911.7,679979.0,680284.2,679812.0,680047.4,683312.0,683727.2,685634.0,686864.6,680287.0,680759.4,786005.0,800425.6,748231.0,778465.2
XL-n3484-k436,703355.0,703416.8,703402.0,703459.9,703387.0,703454.9,703924.0,704063.7,704451.0,704902.8,703617.0,703735.5,704495.0,704700.1,706947.0,707320.0
XL-n3561-k229,209386.0,209555.6,209797.0,209977.3,209693.0,209832.3,211438.0,211715.0,211379.0,212076.8,210098.0,210344.3,224490.0,232075.0,224338.0,233124.7
XL-n3640-k211,189724.0,189838.6,189992.0,190110.6,189877.0,190038.0,191105.0,191291.3,191146.0,191531.6,190218.0,190427.7,194899.0,196261.0,199577.0,200624.1
XL-n3721-k77,162862.0,162970.3,163221.0,163468.7,163041.0,163241.5,164231.0,164631.6,166563.0,167084.5,164077.0,164447.5,167294.0,168623.0,176024.0,177188.8
XL-n3804-k29,52885.0,52935.8,52979.0,53054.8,52948.0,53026.2,53468.0,53958.4,53176.0,53306.6,53269.0,53429.2,53676.0,54224.7,60096.0,61880.2
XL-n3888-k1010,1880368.0,1882369.0,1889998.0,1893832.7,1893912.0,1896882.1,1938055.0,1941655.6,1891969.0,1898904.4,1888139.0,1890565.2,,,1904914.0,1910406.1
XL-n3975-k687,525901.0,526048.1,526283.0,526431.4,526100.0,526361.9,528906.0,529183.5,531239.0,532949.1,526547.0,526826.9,534544.0,536626.8,547160.0,550743.6
XL-n4063-k347,548931.0,549115.2,549749.0,549905.8,549614.0,549817.4,552302.0,552683.1,558540.0,559356.1,550199.0,550524.2,589406.0,598800.3,569008.0,573607.5
XL-n4153-k291,356034.0,356149.2,356457.0,356631.7,356412.0,356532.8,358538.0,358686.7,359992.0,360658.2,356757.0,356925.4,363855.0,366949.9,366789.0,370046.8
XL-n4245-k203,229659.0,229743.2,229683.0,229786.2,229703.0,229762.9,230408.0,230549.3,231721.0,232266.8,230003.0,230150.9,231886.0,232340.6,237870.0,238519.1
XL-n4340-k148,244226.0,244431.7,244559.0,244723.3,244515.0,244666.1,245748.0,245962.0,249862.0,250538.0,245005.0,245248.1,290700.0,302129.8,254610.0,255212.5
XL-n4436-k48,61477.0,61583.1,61542.0,61745.9,61519.0,61589.1,62034.0,62371.8,62374.0,62600.7,61944.0,62057.8,63230.0,63696.4,67046.0,69283.8
XL-n4535-k1134,1203566.0,1203606.7,1203574.0,1203619.9,1203605.0,1203655.5,1204133.0,1204297.9,1204967.0,1205208.8,1203971.0,1204074.4,1204631.0,1204811.8,1206068.0,1206309.5
XL-n4635-k790,610650.0,610947.8,611371.0,611617.3,611191.0,611437.2,615225.0,615774.5,621541.0,622572.0,612062.0,612478.8,,,636983.0,643476.9
XL-n4738-k487,760501.0,760787.8,761734.0,762019.3,761570.0,761880.7,765520.0,765816.6,772923.0,774216.4,762244.0,762728.4,848584.0,876646.7,786677.0,792775.0
XL-n4844-k321,404652.0,404837.3,406051.0,406484.1,405610.0,405876.3,407136.0,407539.3,410938.0,411848.0,405738.0,406164.6,410413.0,410799.4,433448.0,437853.2
XL-n4951-k203,285269.0,285390.1,285493.0,285668.7,285387.0,285575.4,286866.0,287171.6,292698.0,293247.8,286085.0,286311.6,301081.0,306062.4,295805.0,296654.3
XL-n5061-k184,161629.0,161716.7,161878.0,162125.9,161799.0,162041.9,162767.0,162910.9,163647.0,164240.8,162248.0,162458.5,168384.0,169806.0,169156.0,170004.9
XL-n5174-k55,61382.0,61491.6,61439.0,61554.6,61388.0,61489.1,62696.0,63190.9,62838.0,63365.1,62301.0,62655.7,66940.0,67775.3,71694.0,74070.0
XL-n5288-k1246,1960101.0,1960957.8,1969468.0,1970919.4,1968626.0,1969625.1,1973897.0,1975364.3,1979986.0,1981046.6,1963284.0,1964548.0,,,2043934.0,2050699.2
XL-n5406-k783,1040536.0,1040723.8,1041085.0,1041275.2,1040982.0,1041163.0,1044393.0,1044993.9,1054157.0,1055362.0,1041404.0,1041638.4,1048001.0,1050772.4,1062904.0,1065357.7
XL-n5526-k553,336898.0,336984.8,336956.0,337021.3,336919.0,336985.4,337665.0,337811.6,339042.0,339395.9,337486.0,337581.3,338592.0,338780.5,342031.0,342645.5
XL-n5649-k401,644866.0,644987.8,647193.0,647619.6,646145.0,646598.9,648133.0,648683.5,658001.0,658983.1,646351.0,646822.3,651205.0,656972.6,677774.0,682592.0
XL-n5774-k290,250207.0,250337.8,250720.0,250956.9,250620.0,250790.3,252642.0,252860.3,255156.0,256107.7,251586.0,251849.3,271379.0,287487.9,270908.0,279218.2
XL-n5902-k122,217447.0,217689.0,217570.0,217746.8,217509.0,217668.5,219624.0,220043.0,224048.0,225156.7,218869.0,219210.6,226131.0,226896.2,233033.0,235501.0
XL-n6034-k61,64453.0,64676.8,64543.0,64670.2,64448.0,64615.0,65997.0,66395.5,66401.0,66794.3,65402.0,65598.7,71546.0,72606.4,73530.0,74714.1
XL-n6168-k1922,1530010.0,1530476.6,1533690.0,1534292.6,1532722.0,1533331.4,1539812.0,1540593.5,1551851.0,1553139.1,1533332.0,1534231.8,,,1572323.0,1576529.3
XL-n6305-k1042,1177528.0,1177837.0,1180530.0,1181253.3,1180312.0,1180818.4,1187702.0,1188996.8,1193663.0,1194922.5,1180201.0,1181326.7,,,1225822.0,1230959.2
XL-n6445-k628,996623.0,996804.7,997809.0,998072.3,997460.0,997804.3,1000779.0,1001095.2,1010992.0,1012009.6,998149.0,998517.3,1071180.0,1083306.7,1021394.0,1022544.1
XL-n6588-k473,334068.0,334232.1,334506.0,334676.5,334486.0,334604.8,336655.0,336845.9,341531.0,342341.7,335111.0,335287.1,338623.0,339106.0,348818.0,351373.2
XL-n6734-k330,448031.0,448257.5,448666.0,448799.9,448503.0,448662.3,450438.0,450722.9,456666.0,457623.0,449414.0,449746.2,585492.0,602752.8,461789.0,462933.5
XL-n6884-k148,181809.0,181960.4,182219.0,182480.7,182092.0,182261.4,183519.0,183906.9,187702.0,188623.6,183507.0,183998.0,188731.0,189353.5,194144.0,196806.5
XL-n7037-k38,70845.0,70906.9,70975.0,71068.8,70949.0,71027.6,75357.0,76547.6,72980.0,73989.1,71624.0,72054.5,74435.0,75432.4,84412.0,86527.1
XL-n7193-k1683,2958979.0,2959237.4,2965043.0,2966154.3,2963460.0,2964390.1,2973722.0,2976353.2,2978019.0,2978644.7,2961569.0,2962056.3,,,3073256.0,3082216.0
XL-n7353-k1471,1537811.0,1537904.2,1537888.0,1537976.5,1537841.0,1537960.6,1539199.0,1539452.9,1542188.0,1542584.5,1538778.0,1538934.8,1540585.0,1540726.1,1543630.0,1544214.8
XL-n7516-k859,573902.0,574104.2,574830.0,575005.8,574760.0,575009.6,578342.0,578784.8,585696.0,586421.2,575733.0,576046.8,741224.0,753817.4,595065.0,601789.4
XL-n7683-k602,702098.0,702303.9,703019.0,703265.8,702829.0,703037.4,705500.0,705940.7,713716.0,714634.3,703893.0,704206.8,,,721032.0,722359.7
XL-n7854-k365,659221.0,659311.3,660022.0,660167.4,659594.0,659756.2,660967.0,661426.5,667319.0,668075.3,660902.0,661220.6,663822.0,664183.7,670889.0,672306.7
XL-n8028-k294,266900.0,267065.9,267322.0,267493.1,267058.0,267259.8,269230.0,269533.1,273319.0,273864.5,268989.0,269340.9,303795.0,314769.4,304826.0,326514.1
XL-n8207-k108,118274.0,118509.0,118531.0,118710.4,118392.0,118495.5,119872.0,120368.0,122006.0,122311.5,119737.0,120013.0,125375.0,126054.1,129611.0,130632.8
XL-n8389-k2028,3358731.0,3359593.2,3368875.0,3369886.8,3365882.0,3366587.9,3379011.0,3384122.1,3407551.0,3409508.7,3365665.0,3367143.4,,,3416160.0,3424086.4
XL-n8575-k1297,1089137.0,1089360.7,1089976.0,1090163.5,1089681.0,1089920.0,1094516.0,1094951.1,1108196.0,1109688.1,1090800.0,1091190.2,1111459.0,1122709.8,1124655.0,1129545.4
XL-n8766-k1032,906406.0,906592.3,907662.0,908041.4,907388.0,907754.7,911293.0,911712.8,920113.0,921125.5,909024.0,909382.8,1316029.0,1356752.8,935015.0,936239.4
XL-n8960-k634,773383.0,773515.7,774297.0,774478.0,774049.0,774194.6,776494.0,776749.0,786928.0,787574.8,774851.0,775165.8,837252.0,851958.9,790145.0,791178.6
XL-n9160-k379,324092.0,324277.1,325636.0,325988.6,324890.0,325121.9,327355.0,327773.4,331258.0,332458.5,327057.0,327894.9,335459.0,335886.5,355749.0,361374.4
XL-n9363-k209,205713.0,205842.2,205675.0,205788.7,205575.0,205690.5,207211.0,207627.8,210150.0,210705.5,206463.0,206807.3,212085.0,212825.4,219457.0,220835.1
XL-n9571-k55,106956.0,107277.8,106973.0,107247.1,106791.0,106987.1,114806.0,116005.7,113551.0,114621.1,109465.0,110061.8,119664.0,121011.0,126909.0,130501.0
XL-n9784-k2774,4078217.0,4078505.8,4080198.0,4080925.8,4078841.0,4079247.6,4088203.0,4091318.6,4108083.0,4109693.8,4080493.0,4081111.9,,,4113609.0,4119287.6
XL-n10001-k1570,2333757.0,2334348.4,2340824.0,2341299.5,2339475.0,2340196.9,2349676.0,2351638.2,2360414.0,2361177.1,2337987.0,2339332.4,,,2411189.0,2415750.7
